iter	RMSE
0	2.296409861
1	2.200954449
